issue,url,title
4,http://www.thingelstad.com/2017/05/30/backed-turing-tumble.html,Backed Turing Tumble on Kickstarter! Looks like a really fun game to…
8,http://www.thingelstad.com/2017/06/24/going-ipad-only.html,Going iPad only on this vacation! 🚫💻
9,http://www.thingelstad.com/2017/07/05/i-send-a.html,"I send a weekly newsletter with commentary on links I’ve found interesting,…"
10,http://www.thingelstad.com/2017/07/13/excited-for-another.html,Excited for another great #minnedemo tonight!
12,http://www.thingelstad.com/2017/07/25/sad-to-be.html,Sad to be missing #devopsdays MSP. From the Tweets it looks like…
15,http://www.thingelstad.com/2017/08/18/created-a-sarahah.html,Created a Sarahah profile where people can send me anonymous feedback or…
15,http://www.thingelstad.com/2017/08/12/just-reset-my.html,Just reset my micro.blog GitHub mirror in hopes of purging the failed…
15,http://www.thingelstad.com/2017/08/12/pretty-excited-for.html,Pretty excited for a Saturday to just relax and do small projects…
18,http://www.thingelstad.com/2017/09/06/for-fun-put.html,"For fun put my Pinboard archive into a Jekyll site, instant linkblog!…"
19,http://www.thingelstad.com/2017/09/15/tried-an-idea.html,Tried an idea I had to make Jekyll generate faster for my…
20,http://www.thingelstad.com/2017/09/19/lets-share-activity.html,Let’s share 🎶 activity on Apple Music. Connect to my profile.
20,http://www.thingelstad.com/2017/09/16/fresh-haircut.html,Fresh haircut! 👌🏼
20,http://www.thingelstad.com/2017/09/16/building-link-thinghttplinksthingelstadcom.html,"Building Link Thing, a Jekyll website with 9,000 posts, is just slow.…"
21,http://www.thingelstad.com/2017/09/28/search-added-to.html,I added search to my link blog! It uses Lunr.js and is…
21,http://www.thingelstad.com/2017/09/24/deleted-sarahahhttpswwwsarahahcom-account.html,"Deleted Sarahah account. In several weeks, I got one valid message that…"
22,http://www.thingelstad.com/2017/10/01/just-made-my.html,Just made my 67th loan on Kiva!
23,http://www.thingelstad.com/2017/10/07/mn-ufc-mn.html,MN UFC!!! ⚽️ MN UFC!!! ⚽️ MN UFC!!! ⚽️
24,http://www.thingelstad.com/2017/10/15/i-added-icsical.html,I added ICS/iCal feed support to Link Thing — just because. Link…
28,http://www.thingelstad.com/2017/11/12/got-my-photography.html,"Got my photography site back online. Still cleanup to do, but fun…"
32,http://www.thingelstad.com/2017/12/11/spent-a-lot.html,Spent a lot of time in this while (sick) { sleep(); }…
37,https://www.thingelstad.com/2018/01/14/vikings-that-was.html,Vikings! 🏈 That was an amazing play!
37,https://www.thingelstad.com/2018/01/14/nice-start-by.html,Nice start by the Vikings! 🏈
38,https://www.thingelstad.com/2018/01/22/my-micro-monday.html,My Micro Monday recommendation is @eli for great links and fun photos!…
47,https://www.thingelstad.com/2018/03/29/just-registered-for.html,Just registered for Minnebar 13 – nice and easy as a community…
47,https://www.thingelstad.com/2018/03/24/got-sick-today.html,Got sick today and taken down. 🤢 Hoping for better day tomorrow.…
50,https://www.thingelstad.com/2018/04/15/my-friend-dangrigsbyhttpsmicroblogdangrigsby.html,My friend @dangrigsby is newly on micro.blog — you should follow him…
79,https://www.thingelstad.com/2018/11/07/thanks-to-microblog.html,Wednesday @ 8:45 PM
105,https://www.thingelstad.com/2019/05/09/133747.html,Thursday @ 1:37 PM
105,https://www.thingelstad.com/2019/05/09/sps-tech-jam.html,Thursday @ 12:32 PM
105,https://www.thingelstad.com/2019/05/04/minnesota-united-v.html,Saturday @ 7:15 PM
108,https://www.thingelstad.com/2019/05/25/beautiful-game-mnufc.html,Saturday @ 8:56 PM
125,https://www.thingelstad.com/2019/11/03/152728.html,Sunday @ 3:27 PM
165,https://www.thingelstad.com/2020/11/06/dave-has-a.html,Dave has a good plan for today. Today I plan to read…
